{
	"info": {
		"_postman_id": "1625454f-fd40-4795-8a3f-1b7fb872d246",
		"name": "cloud-cdnd-c2-final",
		"schema": "https://schema.getpostman.com/json/collection/v2.1.0/collection.json"
	},
	"item": [
		{
			"name": "Project 2 Gustavo zamora",
			"request": {
				"method": "GET",
				"header": [],
				"url": {
					"raw": "http://{{HOST}}/filteredimage?image_url=https://i.pinimg.com/originals/77/ec/85/77ec85cb92f7f2f33a553b0efaf9fbae.jpg",
					"protocol": "http",
					"host": [
						"{{HOST}}"
					],
					"path": [
						"filteredimage"
					],
					"query": [
						{
							"key": "image_url",
							"value": "https://i.pinimg.com/originals/77/ec/85/77ec85cb92f7f2f33a553b0efaf9fbae.jpg"
						}
					]
				}
			},
			"response": []
		}
	],
	"event": [
		{
			"listen": "prerequest",
			"script": {
				"type": "text/javascript",
				"exec": [
					""
				]
			}
		},
		{
			"listen": "test",
			"script": {
				"type": "text/javascript",
				"exec": [
					""
				]
			}
		}
	],
	"variable": [
		{
			"key": "HOST",
			"value": "image-gzamora-dev-dev.us-east-2.elasticbeanstalk.com"
		}
	]
}